1;680;HL Road Frame - Black, 58;FR-R92B-58;Black;1059,31;1431,50;2008-04-30 00:00:00.000;NULL;Road Frames;Components
1;706;HL Road Frame - Red, 58;FR-R92R-58;Red;1059,31;1431,50;2008-04-30 00:00:00.000;NULL;Road Frames;Components
1;707;Sport-100 Helmet, Red;HL-U509-R;Red;13,0863;34,99;2011-05-31 00:00:00.000;NULL;Helmets;Accessories
2;707;Sport-100 Helmet, Red;HL-U509-R;Red;13,0863;34,99;2011-05-31 00:00:00.000;NULL;Helmets;Accessories
3;707;Sport-100 Helmet, Red;HL-U509-R;Red;13,0863;34,99;2011-05-31 00:00:00.000;NULL;Helmets;Accessories
8;707;Sport-100 Helmet, Red;HL-U509-R;Red;13,0863;34,99;2011-05-31 00:00:00.000;NULL;Helmets;Accessories
11;707;Sport-100 Helmet, Red;HL-U509-R;Red;13,0863;34,99;2011-05-31 00:00:00.000;NULL;Helmets;Accessories
1;708;Sport-100 Helmet, Black;HL-U509;Black;13,0863;34,99;2011-05-31 00:00:00.000;NULL;Helmets;Accessories
2;708;Sport-100 Helmet, Black;HL-U509;Black;13,0863;34,99;2011-05-31 00:00:00.000;NULL;Helmets;Accessories
3;708;Sport-100 Helmet, Black;HL-U509;Black;13,0863;34,99;2011-05-31 00:00:00.000;NULL;Helmets;Accessories
8;708;Sport-100 Helmet, Black;HL-U509;Black;13,0863;34,99;2011-05-31 00:00:00.000;NULL;Helmets;Accessories
11;708;Sport-100 Helmet, Black;HL-U509;Black;13,0863;34,99;2011-05-31 00:00:00.000;NULL;Helmets;Accessories
1;709;Mountain Bike Socks, M;SO-B909-M;White;3,3963;9,50;2011-05-31 00:00:00.000;2012-05-29 00:00:00.000;Socks;Clothing
2;709;Mountain Bike Socks, M;SO-B909-M;White;3,3963;9,50;2011-05-31 00:00:00.000;2012-05-29 00:00:00.000;Socks;Clothing
3;709;Mountain Bike Socks, M;SO-B909-M;White;3,3963;9,50;2011-05-31 00:00:00.000;2012-05-29 00:00:00.000;Socks;Clothing
4;709;Mountain Bike Socks, M;SO-B909-M;White;3,3963;9,50;2011-05-31 00:00:00.000;2012-05-29 00:00:00.000;Socks;Clothing
1;710;Mountain Bike Socks, L;SO-B909-L;White;3,3963;9,50;2011-05-31 00:00:00.000;2012-05-29 00:00:00.000;Socks;Clothing
1;711;Sport-100 Helmet, Blue;HL-U509-B;Blue;13,0863;34,99;2011-05-31 00:00:00.000;NULL;Helmets;Accessories
2;711;Sport-100 Helmet, Blue;HL-U509-B;Blue;13,0863;34,99;2011-05-31 00:00:00.000;NULL;Helmets;Accessories
3;711;Sport-100 Helmet, Blue;HL-U509-B;Blue;13,0863;34,99;2011-05-31 00:00:00.000;NULL;Helmets;Accessories
8;711;Sport-100 Helmet, Blue;HL-U509-B;Blue;13,0863;34,99;2011-05-31 00:00:00.000;NULL;Helmets;Accessories
11;711;Sport-100 Helmet, Blue;HL-U509-B;Blue;13,0863;34,99;2011-05-31 00:00:00.000;NULL;Helmets;Accessories
1;712;AWC Logo Cap;CA-1098;Multi;6,9223;8,99;2011-05-31 00:00:00.000;NULL;Caps;Clothing
2;712;AWC Logo Cap;CA-1098;Multi;6,9223;8,99;2011-05-31 00:00:00.000;NULL;Caps;Clothing
3;712;AWC Logo Cap;CA-1098;Multi;6,9223;8,99;2011-05-31 00:00:00.000;NULL;Caps;Clothing
4;712;AWC Logo Cap;CA-1098;Multi;6,9223;8,99;2011-05-31 00:00:00.000;NULL;Caps;Clothing
1;713;Long-Sleeve Logo Jersey, S;LJ-0192-S;Multi;38,4923;49,99;2011-05-31 00:00:00.000;NULL;Jerseys;Clothing
1;714;Long-Sleeve Logo Jersey, M;LJ-0192-M;Multi;38,4923;49,99;2011-05-31 00:00:00.000;NULL;Jerseys;Clothing
2;714;Long-Sleeve Logo Jersey, M;LJ-0192-M;Multi;38,4923;49,99;2011-05-31 00:00:00.000;NULL;Jerseys;Clothing
3;714;Long-Sleeve Logo Jersey, M;LJ-0192-M;Multi;38,4923;49,99;2011-05-31 00:00:00.000;NULL;Jerseys;Clothing
1;715;Long-Sleeve Logo Jersey, L;LJ-0192-L;Multi;38,4923;49,99;2011-05-31 00:00:00.000;NULL;Jerseys;Clothing
2;715;Long-Sleeve Logo Jersey, L;LJ-0192-L;Multi;38,4923;49,99;2011-05-31 00:00:00.000;NULL;Jerseys;Clothing
3;715;Long-Sleeve Logo Jersey, L;LJ-0192-L;Multi;38,4923;49,99;2011-05-31 00:00:00.000;NULL;Jerseys;Clothing
4;715;Long-Sleeve Logo Jersey, L;LJ-0192-L;Multi;38,4923;49,99;2011-05-31 00:00:00.000;NULL;Jerseys;Clothing
1;716;Long-Sleeve Logo Jersey, XL;LJ-0192-X;Multi;38,4923;49,99;2011-05-31 00:00:00.000;NULL;Jerseys;Clothing
2;716;Long-Sleeve Logo Jersey, XL;LJ-0192-X;Multi;38,4923;49,99;2011-05-31 00:00:00.000;NULL;Jerseys;Clothing
1;717;HL Road Frame - Red, 62;FR-R92R-62;Red;868,6342;1431,50;2011-05-31 00:00:00.000;NULL;Road Frames;Components
1;718;HL Road Frame - Red, 44;FR-R92R-44;Red;868,6342;1431,50;2011-05-31 00:00:00.000;NULL;Road Frames;Components
1;719;HL Road Frame - Red, 48;FR-R92R-48;Red;868,6342;1431,50;2011-05-31 00:00:00.000;NULL;Road Frames;Components
1;720;HL Road Frame - Red, 52;FR-R92R-52;Red;868,6342;1431,50;2011-05-31 00:00:00.000;NULL;Road Frames;Components
1;721;HL Road Frame - Red, 56;FR-R92R-56;Red;868,6342;1431,50;2011-05-31 00:00:00.000;NULL;Road Frames;Components
1;722;LL Road Frame - Black, 58;FR-R38B-58;Black;204,6251;337,22;2011-05-31 00:00:00.000;NULL;Road Frames;Components
12;722;LL Road Frame - Black, 58;FR-R38B-58;Black;204,6251;337,22;2011-05-31 00:00:00.000;NULL;Road Frames;Components
1;723;LL Road Frame - Black, 60;FR-R38B-60;Black;204,6251;337,22;2011-05-31 00:00:00.000;NULL;Road Frames;Components
12;723;LL Road Frame - Black, 60;FR-R38B-60;Black;204,6251;337,22;2011-05-31 00:00:00.000;NULL;Road Frames;Components
1;724;LL Road Frame - Black, 62;FR-R38B-62;Black;204,6251;337,22;2011-05-31 00:00:00.000;NULL;Road Frames;Components
12;724;LL Road Frame - Black, 62;FR-R38B-62;Black;204,6251;337,22;2011-05-31 00:00:00.000;NULL;Road Frames;Components
1;725;LL Road Frame - Red, 44;FR-R38R-44;Red;187,1571;337,22;2011-05-31 00:00:00.000;2013-05-29 00:00:00.000;Road Frames;Components
2;725;LL Road Frame - Red, 44;FR-R38R-44;Red;187,1571;337,22;2011-05-31 00:00:00.000;2013-05-29 00:00:00.000;Road Frames;Components
12;725;LL Road Frame - Red, 44;FR-R38R-44;Red;187,1571;337,22;2011-05-31 00:00:00.000;2013-05-29 00:00:00.000;Road Frames;Components
1;726;LL Road Frame - Red, 48;FR-R38R-48;Red;187,1571;337,22;2011-05-31 00:00:00.000;2013-05-29 00:00:00.000;Road Frames;Components
12;726;LL Road Frame - Red, 48;FR-R38R-48;Red;187,1571;337,22;2011-05-31 00:00:00.000;2013-05-29 00:00:00.000;Road Frames;Components
1;727;LL Road Frame - Red, 52;FR-R38R-52;Red;187,1571;337,22;2011-05-31 00:00:00.000;2013-05-29 00:00:00.000;Road Frames;Components
12;727;LL Road Frame - Red, 52;FR-R38R-52;Red;187,1571;337,22;2011-05-31 00:00:00.000;2013-05-29 00:00:00.000;Road Frames;Components
1;728;LL Road Frame - Red, 58;FR-R38R-58;Red;187,1571;337,22;2011-05-31 00:00:00.000;2013-05-29 00:00:00.000;Road Frames;Components
12;728;LL Road Frame - Red, 58;FR-R38R-58;Red;187,1571;337,22;2011-05-31 00:00:00.000;2013-05-29 00:00:00.000;Road Frames;Components
1;729;LL Road Frame - Red, 60;FR-R38R-60;Red;187,1571;337,22;2011-05-31 00:00:00.000;2013-05-29 00:00:00.000;Road Frames;Components
12;729;LL Road Frame - Red, 60;FR-R38R-60;Red;187,1571;337,22;2011-05-31 00:00:00.000;2013-05-29 00:00:00.000;Road Frames;Components
1;730;LL Road Frame - Red, 62;FR-R38R-62;Red;187,1571;337,22;2011-05-31 00:00:00.000;2013-05-29 00:00:00.000;Road Frames;Components
2;730;LL Road Frame - Red, 62;FR-R38R-62;Red;187,1571;337,22;2011-05-31 00:00:00.000;2013-05-29 00:00:00.000;Road Frames;Components
12;730;LL Road Frame - Red, 62;FR-R38R-62;Red;187,1571;337,22;2011-05-31 00:00:00.000;2013-05-29 00:00:00.000;Road Frames;Components
1;731;ML Road Frame - Red, 44;FR-R72R-44;Red;352,1394;594,83;2011-05-31 00:00:00.000;2012-05-29 00:00:00.000;Road Frames;Components
1;732;ML Road Frame - Red, 48;FR-R72R-48;Red;352,1394;594,83;2011-05-31 00:00:00.000;2012-05-29 00:00:00.000;Road Frames;Components
1;733;ML Road Frame - Red, 52;FR-R72R-52;Red;352,1394;594,83;2011-05-31 00:00:00.000;2012-05-29 00:00:00.000;Road Frames;Components
1;734;ML Road Frame - Red, 58;FR-R72R-58;Red;352,1394;594,83;2011-05-31 00:00:00.000;2012-05-29 00:00:00.000;Road Frames;Components
1;735;ML Road Frame - Red, 60;FR-R72R-60;Red;352,1394;594,83;2011-05-31 00:00:00.000;2012-05-29 00:00:00.000;Road Frames;Components
1;736;LL Road Frame - Black, 44;FR-R38B-44;Black;204,6251;337,22;2011-05-31 00:00:00.000;NULL;Road Frames;Components
12;736;LL Road Frame - Black, 44;FR-R38B-44;Black;204,6251;337,22;2011-05-31 00:00:00.000;NULL;Road Frames;Components
1;737;LL Road Frame - Black, 48;FR-R38B-48;Black;204,6251;337,22;2011-05-31 00:00:00.000;NULL;Road Frames;Components
12;737;LL Road Frame - Black, 48;FR-R38B-48;Black;204,6251;337,22;2011-05-31 00:00:00.000;NULL;Road Frames;Components
1;738;LL Road Frame - Black, 52;FR-R38B-52;Black;204,6251;337,22;2011-05-31 00:00:00.000;NULL;Road Frames;Components
2;738;LL Road Frame - Black, 52;FR-R38B-52;Black;204,6251;337,22;2011-05-31 00:00:00.000;NULL;Road Frames;Components
12;738;LL Road Frame - Black, 52;FR-R38B-52;Black;204,6251;337,22;2011-05-31 00:00:00.000;NULL;Road Frames;Components
1;739;HL Mountain Frame - Silver, 42;FR-M94S-42;Silver;747,2002;1364,50;2011-05-31 00:00:00.000;NULL;Mountain Frames;Components
1;740;HL Mountain Frame - Silver, 44;FR-M94S-44;Silver;706,811;1364,50;2011-05-31 00:00:00.000;2012-05-29 00:00:00.000;Mountain Frames;Components
1;741;HL Mountain Frame - Silver, 48;FR-M94S-52;Silver;706,811;1364,50;2011-05-31 00:00:00.000;2012-05-29 00:00:00.000;Mountain Frames;Components
1;742;HL Mountain Frame - Silver, 46;FR-M94S-46;Silver;747,2002;1364,50;2011-05-31 00:00:00.000;NULL;Mountain Frames;Components
1;743;HL Mountain Frame - Black, 42;FR-M94B-42;Black;739,041;1349,60;2011-05-31 00:00:00.000;NULL;Mountain Frames;Components
1;744;HL Mountain Frame - Black, 44;FR-M94B-44;Black;699,0928;1349,60;2011-05-31 00:00:00.000;2012-05-29 00:00:00.000;Mountain Frames;Components
1;745;HL Mountain Frame - Black, 48;FR-M94B-48;Black;699,0928;1349,60;2011-05-31 00:00:00.000;2012-05-29 00:00:00.000;Mountain Frames;Components
1;746;HL Mountain Frame - Black, 46;FR-M94B-46;Black;739,041;1349,60;2011-05-31 00:00:00.000;NULL;Mountain Frames;Components
1;747;HL Mountain Frame - Black, 38;FR-M94B-38;Black;739,041;1349,60;2011-05-31 00:00:00.000;NULL;Mountain Frames;Components
1;748;HL Mountain Frame - Silver, 38;FR-M94S-38;Silver;747,2002;1364,50;2011-05-31 00:00:00.000;NULL;Mountain Frames;Components
2;748;HL Mountain Frame - Silver, 38;FR-M94S-38;Silver;747,2002;1364,50;2011-05-31 00:00:00.000;NULL;Mountain Frames;Components
1;749;Road-150 Red, 62;BK-R93R-62;Red;2171,2942;3578,27;2011-05-31 00:00:00.000;2012-05-29 00:00:00.000;Road Bikes;Bikes
1;750;Road-150 Red, 44;BK-R93R-44;Red;2171,2942;3578,27;2011-05-31 00:00:00.000;2012-05-29 00:00:00.000;Road Bikes;Bikes
1;751;Road-150 Red, 48;BK-R93R-48;Red;2171,2942;3578,27;2011-05-31 00:00:00.000;2012-05-29 00:00:00.000;Road Bikes;Bikes
1;752;Road-150 Red, 52;BK-R93R-52;Red;2171,2942;3578,27;2011-05-31 00:00:00.000;2012-05-29 00:00:00.000;Road Bikes;Bikes
1;753;Road-150 Red, 56;BK-R93R-56;Red;2171,2942;3578,27;2011-05-31 00:00:00.000;2012-05-29 00:00:00.000;Road Bikes;Bikes
1;754;Road-450 Red, 58;BK-R68R-58;Red;884,7083;1457,99;2011-05-31 00:00:00.000;2012-05-29 00:00:00.000;Road Bikes;Bikes
2;754;Road-450 Red, 58;BK-R68R-58;Red;884,7083;1457,99;2011-05-31 00:00:00.000;2012-05-29 00:00:00.000;Road Bikes;Bikes
1;755;Road-450 Red, 60;BK-R68R-60;Red;884,7083;1457,99;2011-05-31 00:00:00.000;2012-05-29 00:00:00.000;Road Bikes;Bikes
1;756;Road-450 Red, 44;BK-R68R-44;Red;884,7083;1457,99;2011-05-31 00:00:00.000;2012-05-29 00:00:00.000;Road Bikes;Bikes
1;757;Road-450 Red, 48;BK-R68R-48;Red;884,7083;1457,99;2011-05-31 00:00:00.000;2012-05-29 00:00:00.000;Road Bikes;Bikes
1;758;Road-450 Red, 52;BK-R68R-52;Red;884,7083;1457,99;2011-05-31 00:00:00.000;2012-05-29 00:00:00.000;Road Bikes;Bikes
1;759;Road-650 Red, 58;BK-R50R-58;Red;486,7066;782,99;2011-05-31 00:00:00.000;2013-05-29 00:00:00.000;Road Bikes;Bikes
1;760;Road-650 Red, 60;BK-R50R-60;Red;486,7066;782,99;2011-05-31 00:00:00.000;2013-05-29 00:00:00.000;Road Bikes;Bikes
2;760;Road-650 Red, 60;BK-R50R-60;Red;486,7066;782,99;2011-05-31 00:00:00.000;2013-05-29 00:00:00.000;Road Bikes;Bikes
3;760;Road-650 Red, 60;BK-R50R-60;Red;486,7066;782,99;2011-05-31 00:00:00.000;2013-05-29 00:00:00.000;Road Bikes;Bikes
1;761;Road-650 Red, 62;BK-R50R-62;Red;486,7066;782,99;2011-05-31 00:00:00.000;2013-05-29 00:00:00.000;Road Bikes;Bikes
2;761;Road-650 Red, 62;BK-R50R-62;Red;486,7066;782,99;2011-05-31 00:00:00.000;2013-05-29 00:00:00.000;Road Bikes;Bikes
3;761;Road-650 Red, 62;BK-R50R-62;Red;486,7066;782,99;2011-05-31 00:00:00.000;2013-05-29 00:00:00.000;Road Bikes;Bikes
1;762;Road-650 Red, 44;BK-R50R-44;Red;486,7066;782,99;2011-05-31 00:00:00.000;2013-05-29 00:00:00.000;Road Bikes;Bikes
2;762;Road-650 Red, 44;BK-R50R-44;Red;486,7066;782,99;2011-05-31 00:00:00.000;2013-05-29 00:00:00.000;Road Bikes;Bikes
3;762;Road-650 Red, 44;BK-R50R-44;Red;486,7066;782,99;2011-05-31 00:00:00.000;2013-05-29 00:00:00.000;Road Bikes;Bikes
9;762;Road-650 Red, 44;BK-R50R-44;Red;486,7066;782,99;2011-05-31 00:00:00.000;2013-05-29 00:00:00.000;Road Bikes;Bikes
1;763;Road-650 Red, 48;BK-R50R-48;Red;486,7066;782,99;2011-05-31 00:00:00.000;2013-05-29 00:00:00.000;Road Bikes;Bikes
2;763;Road-650 Red, 48;BK-R50R-48;Red;486,7066;782,99;2011-05-31 00:00:00.000;2013-05-29 00:00:00.000;Road Bikes;Bikes
3;763;Road-650 Red, 48;BK-R50R-48;Red;486,7066;782,99;2011-05-31 00:00:00.000;2013-05-29 00:00:00.000;Road Bikes;Bikes
1;764;Road-650 Red, 52;BK-R50R-52;Red;486,7066;782,99;2011-05-31 00:00:00.000;2013-05-29 00:00:00.000;Road Bikes;Bikes
1;765;Road-650 Black, 58;BK-R50B-58;Black;486,7066;782,99;2011-05-31 00:00:00.000;2013-05-29 00:00:00.000;Road Bikes;Bikes
2;765;Road-650 Black, 58;BK-R50B-58;Black;486,7066;782,99;2011-05-31 00:00:00.000;2013-05-29 00:00:00.000;Road Bikes;Bikes
3;765;Road-650 Black, 58;BK-R50B-58;Black;486,7066;782,99;2011-05-31 00:00:00.000;2013-05-29 00:00:00.000;Road Bikes;Bikes
1;766;Road-650 Black, 60;BK-R50B-60;Black;486,7066;782,99;2011-05-31 00:00:00.000;2013-05-29 00:00:00.000;Road Bikes;Bikes
2;766;Road-650 Black, 60;BK-R50B-60;Black;486,7066;782,99;2011-05-31 00:00:00.000;2013-05-29 00:00:00.000;Road Bikes;Bikes
1;767;Road-650 Black, 62;BK-R50B-62;Black;486,7066;782,99;2011-05-31 00:00:00.000;2013-05-29 00:00:00.000;Road Bikes;Bikes
1;768;Road-650 Black, 44;BK-R50B-44;Black;486,7066;782,99;2011-05-31 00:00:00.000;2013-05-29 00:00:00.000;Road Bikes;Bikes
2;768;Road-650 Black, 44;BK-R50B-44;Black;486,7066;782,99;2011-05-31 00:00:00.000;2013-05-29 00:00:00.000;Road Bikes;Bikes
1;769;Road-650 Black, 48;BK-R50B-48;Black;486,7066;782,99;2011-05-31 00:00:00.000;2013-05-29 00:00:00.000;Road Bikes;Bikes
1;770;Road-650 Black, 52;BK-R50B-52;Black;486,7066;782,99;2011-05-31 00:00:00.000;2013-05-29 00:00:00.000;Road Bikes;Bikes
2;770;Road-650 Black, 52;BK-R50B-52;Black;486,7066;782,99;2011-05-31 00:00:00.000;2013-05-29 00:00:00.000;Road Bikes;Bikes
3;770;Road-650 Black, 52;BK-R50B-52;Black;486,7066;782,99;2011-05-31 00:00:00.000;2013-05-29 00:00:00.000;Road Bikes;Bikes
1;771;Mountain-100 Silver, 38;BK-M82S-38;Silver;1912,1544;3399,99;2011-05-31 00:00:00.000;2012-05-29 00:00:00.000;Mountain Bikes;Bikes
7;771;Mountain-100 Silver, 38;BK-M82S-38;Silver;1912,1544;3399,99;2011-05-31 00:00:00.000;2012-05-29 00:00:00.000;Mountain Bikes;Bikes
1;772;Mountain-100 Silver, 42;BK-M82S-42;Silver;1912,1544;3399,99;2011-05-31 00:00:00.000;2012-05-29 00:00:00.000;Mountain Bikes;Bikes
2;772;Mountain-100 Silver, 42;BK-M82S-42;Silver;1912,1544;3399,99;2011-05-31 00:00:00.000;2012-05-29 00:00:00.000;Mountain Bikes;Bikes
7;772;Mountain-100 Silver, 42;BK-M82S-42;Silver;1912,1544;3399,99;2011-05-31 00:00:00.000;2012-05-29 00:00:00.000;Mountain Bikes;Bikes
1;773;Mountain-100 Silver, 44;BK-M82S-44;Silver;1912,1544;3399,99;2011-05-31 00:00:00.000;2012-05-29 00:00:00.000;Mountain Bikes;Bikes
2;773;Mountain-100 Silver, 44;BK-M82S-44;Silver;1912,1544;3399,99;2011-05-31 00:00:00.000;2012-05-29 00:00:00.000;Mountain Bikes;Bikes
7;773;Mountain-100 Silver, 44;BK-M82S-44;Silver;1912,1544;3399,99;2011-05-31 00:00:00.000;2012-05-29 00:00:00.000;Mountain Bikes;Bikes
1;774;Mountain-100 Silver, 48;BK-M82S-48;Silver;1912,1544;3399,99;2011-05-31 00:00:00.000;2012-05-29 00:00:00.000;Mountain Bikes;Bikes
7;774;Mountain-100 Silver, 48;BK-M82S-48;Silver;1912,1544;3399,99;2011-05-31 00:00:00.000;2012-05-29 00:00:00.000;Mountain Bikes;Bikes
1;775;Mountain-100 Black, 38;BK-M82B-38;Black;1898,0944;3374,99;2011-05-31 00:00:00.000;2012-05-29 00:00:00.000;Mountain Bikes;Bikes
2;775;Mountain-100 Black, 38;BK-M82B-38;Black;1898,0944;3374,99;2011-05-31 00:00:00.000;2012-05-29 00:00:00.000;Mountain Bikes;Bikes
7;775;Mountain-100 Black, 38;BK-M82B-38;Black;1898,0944;3374,99;2011-05-31 00:00:00.000;2012-05-29 00:00:00.000;Mountain Bikes;Bikes
1;776;Mountain-100 Black, 42;BK-M82B-42;Black;1898,0944;3374,99;2011-05-31 00:00:00.000;2012-05-29 00:00:00.000;Mountain Bikes;Bikes
2;776;Mountain-100 Black, 42;BK-M82B-42;Black;1898,0944;3374,99;2011-05-31 00:00:00.000;2012-05-29 00:00:00.000;Mountain Bikes;Bikes
7;776;Mountain-100 Black, 42;BK-M82B-42;Black;1898,0944;3374,99;2011-05-31 00:00:00.000;2012-05-29 00:00:00.000;Mountain Bikes;Bikes
1;777;Mountain-100 Black, 44;BK-M82B-44;Black;1898,0944;3374,99;2011-05-31 00:00:00.000;2012-05-29 00:00:00.000;Mountain Bikes;Bikes
2;777;Mountain-100 Black, 44;BK-M82B-44;Black;1898,0944;3374,99;2011-05-31 00:00:00.000;2012-05-29 00:00:00.000;Mountain Bikes;Bikes
7;777;Mountain-100 Black, 44;BK-M82B-44;Black;1898,0944;3374,99;2011-05-31 00:00:00.000;2012-05-29 00:00:00.000;Mountain Bikes;Bikes
1;778;Mountain-100 Black, 48;BK-M82B-48;Black;1898,0944;3374,99;2011-05-31 00:00:00.000;2012-05-29 00:00:00.000;Mountain Bikes;Bikes
7;778;Mountain-100 Black, 48;BK-M82B-48;Black;1898,0944;3374,99;2011-05-31 00:00:00.000;2012-05-29 00:00:00.000;Mountain Bikes;Bikes
1;779;Mountain-200 Silver, 38;BK-M68S-38;Silver;1265,6195;2319,99;2012-05-30 00:00:00.000;NULL;Mountain Bikes;Bikes
2;779;Mountain-200 Silver, 38;BK-M68S-38;Silver;1265,6195;2319,99;2012-05-30 00:00:00.000;NULL;Mountain Bikes;Bikes
1;780;Mountain-200 Silver, 42;BK-M68S-42;Silver;1265,6195;2319,99;2012-05-30 00:00:00.000;NULL;Mountain Bikes;Bikes
2;780;Mountain-200 Silver, 42;BK-M68S-42;Silver;1265,6195;2319,99;2012-05-30 00:00:00.000;NULL;Mountain Bikes;Bikes
3;780;Mountain-200 Silver, 42;BK-M68S-42;Silver;1265,6195;2319,99;2012-05-30 00:00:00.000;NULL;Mountain Bikes;Bikes
1;781;Mountain-200 Silver, 46;BK-M68S-46;Silver;1265,6195;2319,99;2012-05-30 00:00:00.000;NULL;Mountain Bikes;Bikes
2;781;Mountain-200 Silver, 46;BK-M68S-46;Silver;1265,6195;2319,99;2012-05-30 00:00:00.000;NULL;Mountain Bikes;Bikes
1;782;Mountain-200 Black, 38;BK-M68B-38;Black;1251,9813;2294,99;2012-05-30 00:00:00.000;NULL;Mountain Bikes;Bikes
2;782;Mountain-200 Black, 38;BK-M68B-38;Black;1251,9813;2294,99;2012-05-30 00:00:00.000;NULL;Mountain Bikes;Bikes
3;782;Mountain-200 Black, 38;BK-M68B-38;Black;1251,9813;2294,99;2012-05-30 00:00:00.000;NULL;Mountain Bikes;Bikes
16;782;Mountain-200 Black, 38;BK-M68B-38;Black;1251,9813;2294,99;2012-05-30 00:00:00.000;NULL;Mountain Bikes;Bikes
1;783;Mountain-200 Black, 42;BK-M68B-42;Black;1251,9813;2294,99;2012-05-30 00:00:00.000;NULL;Mountain Bikes;Bikes
2;783;Mountain-200 Black, 42;BK-M68B-42;Black;1251,9813;2294,99;2012-05-30 00:00:00.000;NULL;Mountain Bikes;Bikes
3;783;Mountain-200 Black, 42;BK-M68B-42;Black;1251,9813;2294,99;2012-05-30 00:00:00.000;NULL;Mountain Bikes;Bikes
1;784;Mountain-200 Black, 46;BK-M68B-46;Black;1251,9813;2294,99;2012-05-30 00:00:00.000;NULL;Mountain Bikes;Bikes
2;784;Mountain-200 Black, 46;BK-M68B-46;Black;1251,9813;2294,99;2012-05-30 00:00:00.000;NULL;Mountain Bikes;Bikes
16;784;Mountain-200 Black, 46;BK-M68B-46;Black;1251,9813;2294,99;2012-05-30 00:00:00.000;NULL;Mountain Bikes;Bikes
1;785;Mountain-300 Black, 38;BK-M47B-38;Black;598,4354;1079,99;2012-05-30 00:00:00.000;2013-05-29 00:00:00.000;Mountain Bikes;Bikes
2;785;Mountain-300 Black, 38;BK-M47B-38;Black;598,4354;1079,99;2012-05-30 00:00:00.000;2013-05-29 00:00:00.000;Mountain Bikes;Bikes
1;786;Mountain-300 Black, 40;BK-M47B-40;Black;598,4354;1079,99;2012-05-30 00:00:00.000;2013-05-29 00:00:00.000;Mountain Bikes;Bikes
2;786;Mountain-300 Black, 40;BK-M47B-40;Black;598,4354;1079,99;2012-05-30 00:00:00.000;2013-05-29 00:00:00.000;Mountain Bikes;Bikes
1;787;Mountain-300 Black, 44;BK-M47B-44;Black;598,4354;1079,99;2012-05-30 00:00:00.000;2013-05-29 00:00:00.000;Mountain Bikes;Bikes
1;788;Mountain-300 Black, 48;BK-M47B-48;Black;598,4354;1079,99;2012-05-30 00:00:00.000;2013-05-29 00:00:00.000;Mountain Bikes;Bikes
2;788;Mountain-300 Black, 48;BK-M47B-48;Black;598,4354;1079,99;2012-05-30 00:00:00.000;2013-05-29 00:00:00.000;Mountain Bikes;Bikes
1;789;Road-250 Red, 44;BK-R89R-44;Red;1518,7864;2443,35;2012-05-30 00:00:00.000;2013-05-29 00:00:00.000;Road Bikes;Bikes
2;789;Road-250 Red, 44;BK-R89R-44;Red;1518,7864;2443,35;2012-05-30 00:00:00.000;2013-05-29 00:00:00.000;Road Bikes;Bikes
3;789;Road-250 Red, 44;BK-R89R-44;Red;1518,7864;2443,35;2012-05-30 00:00:00.000;2013-05-29 00:00:00.000;Road Bikes;Bikes
1;790;Road-250 Red, 48;BK-R89R-48;Red;1518,7864;2443,35;2012-05-30 00:00:00.000;2013-05-29 00:00:00.000;Road Bikes;Bikes
2;790;Road-250 Red, 48;BK-R89R-48;Red;1518,7864;2443,35;2012-05-30 00:00:00.000;2013-05-29 00:00:00.000;Road Bikes;Bikes
1;791;Road-250 Red, 52;BK-R89R-52;Red;1518,7864;2443,35;2012-05-30 00:00:00.000;2013-05-29 00:00:00.000;Road Bikes;Bikes
1;792;Road-250 Red, 58;BK-R89R-58;Red;1554,9479;2443,35;2012-05-30 00:00:00.000;NULL;Road Bikes;Bikes
1;793;Road-250 Black, 44;BK-R89B-44;Black;1554,9479;2443,35;2012-05-30 00:00:00.000;NULL;Road Bikes;Bikes
2;793;Road-250 Black, 44;BK-R89B-44;Black;1554,9479;2443,35;2012-05-30 00:00:00.000;NULL;Road Bikes;Bikes
1;794;Road-250 Black, 48;BK-R89B-48;Black;1554,9479;2443,35;2012-05-30 00:00:00.000;NULL;Road Bikes;Bikes
2;794;Road-250 Black, 48;BK-R89B-48;Black;1554,9479;2443,35;2012-05-30 00:00:00.000;NULL;Road Bikes;Bikes
4;794;Road-250 Black, 48;BK-R89B-48;Black;1554,9479;2443,35;2012-05-30 00:00:00.000;NULL;Road Bikes;Bikes
1;795;Road-250 Black, 52;BK-R89B-52;Black;1554,9479;2443,35;2012-05-30 00:00:00.000;NULL;Road Bikes;Bikes
1;796;Road-250 Black, 58;BK-R89B-58;Black;1554,9479;2443,35;2012-05-30 00:00:00.000;NULL;Road Bikes;Bikes
1;797;Road-550-W Yellow, 38;BK-R64Y-38;Yellow;713,0798;1120,49;2012-05-30 00:00:00.000;NULL;Road Bikes;Bikes
2;797;Road-550-W Yellow, 38;BK-R64Y-38;Yellow;713,0798;1120,49;2012-05-30 00:00:00.000;NULL;Road Bikes;Bikes
1;798;Road-550-W Yellow, 40;BK-R64Y-40;Yellow;713,0798;1120,49;2012-05-30 00:00:00.000;NULL;Road Bikes;Bikes
2;798;Road-550-W Yellow, 40;BK-R64Y-40;Yellow;713,0798;1120,49;2012-05-30 00:00:00.000;NULL;Road Bikes;Bikes
1;799;Road-550-W Yellow, 42;BK-R64Y-42;Yellow;713,0798;1120,49;2012-05-30 00:00:00.000;NULL;Road Bikes;Bikes
1;800;Road-550-W Yellow, 44;BK-R64Y-44;Yellow;713,0798;1120,49;2012-05-30 00:00:00.000;NULL;Road Bikes;Bikes
1;801;Road-550-W Yellow, 48;BK-R64Y-48;Yellow;713,0798;1120,49;2012-05-30 00:00:00.000;NULL;Road Bikes;Bikes
2;801;Road-550-W Yellow, 48;BK-R64Y-48;Yellow;713,0798;1120,49;2012-05-30 00:00:00.000;NULL;Road Bikes;Bikes
3;801;Road-550-W Yellow, 48;BK-R64Y-48;Yellow;713,0798;1120,49;2012-05-30 00:00:00.000;NULL;Road Bikes;Bikes
1;802;LL Fork;FK-1639;NULL;65,8097;148,22;2012-05-30 00:00:00.000;2013-05-29 00:00:00.000;Forks;Components
1;803;ML Fork;FK-5136;NULL;77,9176;175,49;2012-05-30 00:00:00.000;2013-05-29 00:00:00.000;Forks;Components
1;804;HL Fork;FK-9939;NULL;101,8936;229,49;2012-05-30 00:00:00.000;2013-05-29 00:00:00.000;Forks;Components
2;804;HL Fork;FK-9939;NULL;101,8936;229,49;2012-05-30 00:00:00.000;2013-05-29 00:00:00.000;Forks;Components
1;805;LL Headset;HS-0296;NULL;15,1848;34,20;2012-05-30 00:00:00.000;2013-05-29 00:00:00.000;Headsets;Components
1;806;ML Headset;HS-2451;NULL;45,4168;102,29;2012-05-30 00:00:00.000;2013-05-29 00:00:00.000;Headsets;Components
2;806;ML Headset;HS-2451;NULL;45,4168;102,29;2012-05-30 00:00:00.000;2013-05-29 00:00:00.000;Headsets;Components
3;806;ML Headset;HS-2451;NULL;45,4168;102,29;2012-05-30 00:00:00.000;2013-05-29 00:00:00.000;Headsets;Components
1;807;HL Headset;HS-3479;NULL;55,3801;124,73;2012-05-30 00:00:00.000;2013-05-29 00:00:00.000;Headsets;Components
1;808;LL Mountain Handlebars;HB-M243;NULL;19,7758;44,54;2012-05-30 00:00:00.000;NULL;Handlebars;Components
2;808;LL Mountain Handlebars;HB-M243;NULL;19,7758;44,54;2012-05-30 00:00:00.000;NULL;Handlebars;Components
3;808;LL Mountain Handlebars;HB-M243;NULL;19,7758;44,54;2012-05-30 00:00:00.000;NULL;Handlebars;Components
1;809;ML Mountain Handlebars;HB-M763;NULL;27,4925;61,92;2012-05-30 00:00:00.000;NULL;Handlebars;Components
2;809;ML Mountain Handlebars;HB-M763;NULL;27,4925;61,92;2012-05-30 00:00:00.000;NULL;Handlebars;Components
1;810;HL Mountain Handlebars;HB-M918;NULL;53,3999;120,27;2012-05-30 00:00:00.000;NULL;Handlebars;Components
1;811;LL Road Handlebars;HB-R504;NULL;19,7758;44,54;2012-05-30 00:00:00.000;NULL;Handlebars;Components
1;812;ML Road Handlebars;HB-R720;NULL;27,4925;61,92;2012-05-30 00:00:00.000;NULL;Handlebars;Components
1;813;HL Road Handlebars;HB-R956;NULL;53,3999;120,27;2012-05-30 00:00:00.000;NULL;Handlebars;Components
1;814;ML Mountain Frame - Black, 38;FR-M63B-38;Black;185,8193;348,76;2012-05-30 00:00:00.000;2013-05-29 00:00:00.000;Mountain Frames;Components
1;815;LL Mountain Front Wheel;FW-M423;Black;26,9708;60,745;2012-05-30 00:00:00.000;2013-05-29 00:00:00.000;Wheels;Components
2;815;LL Mountain Front Wheel;FW-M423;Black;26,9708;60,745;2012-05-30 00:00:00.000;2013-05-29 00:00:00.000;Wheels;Components
1;816;ML Mountain Front Wheel;FW-M762;Black;92,8071;209,025;2012-05-30 00:00:00.000;2013-05-29 00:00:00.000;Wheels;Components
1;817;HL Mountain Front Wheel;FW-M928;Black;133,2955;300,215;2012-05-30 00:00:00.000;2013-05-29 00:00:00.000;Wheels;Components
1;818;LL Road Front Wheel;FW-R623;Black;37,9909;85,565;2012-05-30 00:00:00.000;2013-05-29 00:00:00.000;Wheels;Components
1;819;ML Road Front Wheel;FW-R762;Black;110,2829;248,385;2012-05-30 00:00:00.000;2013-05-29 00:00:00.000;Wheels;Components
1;820;HL Road Front Wheel;FW-R820;Black;146,5466;330,06;2012-05-30 00:00:00.000;2013-05-29 00:00:00.000;Wheels;Components
1;821;Touring Front Wheel;FW-T905;Black;96,7964;218,01;2012-05-30 00:00:00.000;2013-05-29 00:00:00.000;Wheels;Components
1;822;ML Road Frame-W - Yellow, 38;FR-R72Y-38;Yellow;360,9428;594,83;2012-05-30 00:00:00.000;NULL;Road Frames;Components
1;823;LL Mountain Rear Wheel;RW-M423;Black;38,9588;87,745;2012-05-30 00:00:00.000;2013-05-29 00:00:00.000;Wheels;Components
1;824;ML Mountain Rear Wheel;RW-M762;Black;104,7951;236,025;2012-05-30 00:00:00.000;2013-05-29 00:00:00.000;Wheels;Components
2;824;ML Mountain Rear Wheel;RW-M762;Black;104,7951;236,025;2012-05-30 00:00:00.000;2013-05-29 00:00:00.000;Wheels;Components
3;824;ML Mountain Rear Wheel;RW-M762;Black;104,7951;236,025;2012-05-30 00:00:00.000;2013-05-29 00:00:00.000;Wheels;Components
1;825;HL Mountain Rear Wheel;RW-M928;Black;145,2835;327,215;2012-05-30 00:00:00.000;2013-05-29 00:00:00.000;Wheels;Components
2;825;HL Mountain Rear Wheel;RW-M928;Black;145,2835;327,215;2012-05-30 00:00:00.000;2013-05-29 00:00:00.000;Wheels;Components
3;825;HL Mountain Rear Wheel;RW-M928;Black;145,2835;327,215;2012-05-30 00:00:00.000;2013-05-29 00:00:00.000;Wheels;Components
1;826;LL Road Rear Wheel;RW-R623;Black;49,9789;112,565;2012-05-30 00:00:00.000;2013-05-29 00:00:00.000;Wheels;Components
1;827;ML Road Rear Wheel;RW-R762;Black;122,2709;275,385;2012-05-30 00:00:00.000;2013-05-29 00:00:00.000;Wheels;Components
1;828;HL Road Rear Wheel;RW-R820;Black;158,5346;357,06;2012-05-30 00:00:00.000;2013-05-29 00:00:00.000;Wheels;Components
1;829;Touring Rear Wheel;RW-T905;Black;108,7844;245,01;2012-05-30 00:00:00.000;2013-05-29 00:00:00.000;Wheels;Components
1;830;ML Mountain Frame - Black, 40;FR-M63B-40;Black;185,8193;348,76;2012-05-30 00:00:00.000;2013-05-29 00:00:00.000;Mountain Frames;Components
1;831;ML Mountain Frame - Black, 44;FR-M63B-44;Black;185,8193;348,76;2012-05-30 00:00:00.000;2013-05-29 00:00:00.000;Mountain Frames;Components
1;832;ML Mountain Frame - Black, 48;FR-M63B-48;Black;185,8193;348,76;2012-05-30 00:00:00.000;2013-05-29 00:00:00.000;Mountain Frames;Components
2;832;ML Mountain Frame - Black, 48;FR-M63B-48;Black;185,8193;348,76;2012-05-30 00:00:00.000;2013-05-29 00:00:00.000;Mountain Frames;Components
1;833;ML Road Frame-W - Yellow, 40;FR-R72Y-40;Yellow;360,9428;594,83;2012-05-30 00:00:00.000;NULL;Road Frames;Components
1;834;ML Road Frame-W - Yellow, 42;FR-R72Y-42;Yellow;360,9428;594,83;2012-05-30 00:00:00.000;NULL;Road Frames;Components
1;835;ML Road Frame-W - Yellow, 44;FR-R72Y-44;Yellow;360,9428;594,83;2012-05-30 00:00:00.000;NULL;Road Frames;Components
2;835;ML Road Frame-W - Yellow, 44;FR-R72Y-44;Yellow;360,9428;594,83;2012-05-30 00:00:00.000;NULL;Road Frames;Components
3;835;ML Road Frame-W - Yellow, 44;FR-R72Y-44;Yellow;360,9428;594,83;2012-05-30 00:00:00.000;NULL;Road Frames;Components
1;836;ML Road Frame-W - Yellow, 48;FR-R72Y-48;Yellow;360,9428;594,83;2012-05-30 00:00:00.000;NULL;Road Frames;Components
1;837;HL Road Frame - Black, 62;FR-R92B-62;Black;868,6342;1431,50;2012-05-30 00:00:00.000;NULL;Road Frames;Components
1;838;HL Road Frame - Black, 44;FR-R92B-44;Black;868,6342;1431,50;2012-05-30 00:00:00.000;NULL;Road Frames;Components
1;839;HL Road Frame - Black, 48;FR-R92B-48;Black;868,6342;1431,50;2012-05-30 00:00:00.000;NULL;Road Frames;Components
1;840;HL Road Frame - Black, 52;FR-R92B-52;Black;868,6342;1431,50;2012-05-30 00:00:00.000;NULL;Road Frames;Components
1;841;Men's Sports Shorts, S;SH-M897-S;Black;24,7459;59,99;2012-05-30 00:00:00.000;2013-05-29 00:00:00.000;Shorts;Clothing
2;841;Men's Sports Shorts, S;SH-M897-S;Black;24,7459;59,99;2012-05-30 00:00:00.000;2013-05-29 00:00:00.000;Shorts;Clothing
1;842;Touring-Panniers, Large;PA-T100;Grey;51,5625;125,00;2012-05-30 00:00:00.000;2013-05-29 00:00:00.000;Panniers;Accessories
1;843;Cable Lock;LO-C100;NULL;10,3125;25,00;2012-05-30 00:00:00.000;2013-05-29 00:00:00.000;Locks;Accessories
2;843;Cable Lock;LO-C100;NULL;10,3125;25,00;2012-05-30 00:00:00.000;2013-05-29 00:00:00.000;Locks;Accessories
1;844;Minipump;PU-0452;NULL;8,2459;19,99;2012-05-30 00:00:00.000;2013-05-29 00:00:00.000;Pumps;Accessories
2;844;Minipump;PU-0452;NULL;8,2459;19,99;2012-05-30 00:00:00.000;2013-05-29 00:00:00.000;Pumps;Accessories
1;845;Mountain Pump;PU-M044;NULL;10,3084;24,99;2012-05-30 00:00:00.000;2013-05-29 00:00:00.000;Pumps;Accessories
1;846;Taillights - Battery-Powered;LT-T990;NULL;5,7709;13,99;2012-05-30 00:00:00.000;2013-05-29 00:00:00.000;Lights;Accessories
1;847;Headlights - Dual-Beam;LT-H902;NULL;14,4334;34,99;2012-05-30 00:00:00.000;2013-05-29 00:00:00.000;Lights;Accessories
1;848;Headlights - Weatherproof;LT-H903;NULL;18,5584;44,99;2012-05-30 00:00:00.000;2013-05-29 00:00:00.000;Lights;Accessories
1;849;Men's Sports Shorts, M;SH-M897-M;Black;24,7459;59,99;2012-05-30 00:00:00.000;2013-05-29 00:00:00.000;Shorts;Clothing
2;849;Men's Sports Shorts, M;SH-M897-M;Black;24,7459;59,99;2012-05-30 00:00:00.000;2013-05-29 00:00:00.000;Shorts;Clothing
3;849;Men's Sports Shorts, M;SH-M897-M;Black;24,7459;59,99;2012-05-30 00:00:00.000;2013-05-29 00:00:00.000;Shorts;Clothing
1;850;Men's Sports Shorts, L;SH-M897-L;Black;24,7459;59,99;2012-05-30 00:00:00.000;2013-05-29 00:00:00.000;Shorts;Clothing
1;851;Men's Sports Shorts, XL;SH-M897-X;Black;24,7459;59,99;2012-05-30 00:00:00.000;2013-05-29 00:00:00.000;Shorts;Clothing
1;852;Women's Tights, S;TG-W091-S;Black;30,9334;74,99;2012-05-30 00:00:00.000;2013-05-29 00:00:00.000;Tights;Clothing
2;852;Women's Tights, S;TG-W091-S;Black;30,9334;74,99;2012-05-30 00:00:00.000;2013-05-29 00:00:00.000;Tights;Clothing
3;852;Women's Tights, S;TG-W091-S;Black;30,9334;74,99;2012-05-30 00:00:00.000;2013-05-29 00:00:00.000;Tights;Clothing
4;852;Women's Tights, S;TG-W091-S;Black;30,9334;74,99;2012-05-30 00:00:00.000;2013-05-29 00:00:00.000;Tights;Clothing
1;853;Women's Tights, M;TG-W091-M;Black;30,9334;74,99;2012-05-30 00:00:00.000;2013-05-29 00:00:00.000;Tights;Clothing
1;854;Women's Tights, L;TG-W091-L;Black;30,9334;74,99;2012-05-30 00:00:00.000;2013-05-29 00:00:00.000;Tights;Clothing
2;854;Women's Tights, L;TG-W091-L;Black;30,9334;74,99;2012-05-30 00:00:00.000;2013-05-29 00:00:00.000;Tights;Clothing
3;854;Women's Tights, L;TG-W091-L;Black;30,9334;74,99;2012-05-30 00:00:00.000;2013-05-29 00:00:00.000;Tights;Clothing
1;855;Men's Bib-Shorts, S;SB-M891-S;Multi;37,1209;89,99;2012-05-30 00:00:00.000;2013-05-29 00:00:00.000;Bib-Shorts;Clothing
2;855;Men's Bib-Shorts, S;SB-M891-S;Multi;37,1209;89,99;2012-05-30 00:00:00.000;2013-05-29 00:00:00.000;Bib-Shorts;Clothing
1;856;Men's Bib-Shorts, M;SB-M891-M;Multi;37,1209;89,99;2012-05-30 00:00:00.000;2013-05-29 00:00:00.000;Bib-Shorts;Clothing
2;856;Men's Bib-Shorts, M;SB-M891-M;Multi;37,1209;89,99;2012-05-30 00:00:00.000;2013-05-29 00:00:00.000;Bib-Shorts;Clothing
3;856;Men's Bib-Shorts, M;SB-M891-M;Multi;37,1209;89,99;2012-05-30 00:00:00.000;2013-05-29 00:00:00.000;Bib-Shorts;Clothing
1;857;Men's Bib-Shorts, L;SB-M891-L;Multi;37,1209;89,99;2012-05-30 00:00:00.000;2013-05-29 00:00:00.000;Bib-Shorts;Clothing
1;858;Half-Finger Gloves, S;GL-H102-S;Black;9,1593;24,49;2012-05-30 00:00:00.000;NULL;Gloves;Clothing
2;858;Half-Finger Gloves, S;GL-H102-S;Black;9,1593;24,49;2012-05-30 00:00:00.000;NULL;Gloves;Clothing
3;858;Half-Finger Gloves, S;GL-H102-S;Black;9,1593;24,49;2012-05-30 00:00:00.000;NULL;Gloves;Clothing
1;859;Half-Finger Gloves, M;GL-H102-M;Black;9,1593;24,49;2012-05-30 00:00:00.000;NULL;Gloves;Clothing
2;859;Half-Finger Gloves, M;GL-H102-M;Black;9,1593;24,49;2012-05-30 00:00:00.000;NULL;Gloves;Clothing
3;859;Half-Finger Gloves, M;GL-H102-M;Black;9,1593;24,49;2012-05-30 00:00:00.000;NULL;Gloves;Clothing
1;860;Half-Finger Gloves, L;GL-H102-L;Black;9,1593;24,49;2012-05-30 00:00:00.000;NULL;Gloves;Clothing
2;860;Half-Finger Gloves, L;GL-H102-L;Black;9,1593;24,49;2012-05-30 00:00:00.000;NULL;Gloves;Clothing
1;861;Full-Finger Gloves, S;GL-F110-S;Black;15,6709;37,99;2012-05-30 00:00:00.000;2013-05-29 00:00:00.000;Gloves;Clothing
1;862;Full-Finger Gloves, M;GL-F110-M;Black;15,6709;37,99;2012-05-30 00:00:00.000;2013-05-29 00:00:00.000;Gloves;Clothing
2;862;Full-Finger Gloves, M;GL-F110-M;Black;15,6709;37,99;2012-05-30 00:00:00.000;2013-05-29 00:00:00.000;Gloves;Clothing
3;862;Full-Finger Gloves, M;GL-F110-M;Black;15,6709;37,99;2012-05-30 00:00:00.000;2013-05-29 00:00:00.000;Gloves;Clothing
4;862;Full-Finger Gloves, M;GL-F110-M;Black;15,6709;37,99;2012-05-30 00:00:00.000;2013-05-29 00:00:00.000;Gloves;Clothing
1;863;Full-Finger Gloves, L;GL-F110-L;Black;15,6709;37,99;2012-05-30 00:00:00.000;2013-05-29 00:00:00.000;Gloves;Clothing
2;863;Full-Finger Gloves, L;GL-F110-L;Black;15,6709;37,99;2012-05-30 00:00:00.000;2013-05-29 00:00:00.000;Gloves;Clothing
3;863;Full-Finger Gloves, L;GL-F110-L;Black;15,6709;37,99;2012-05-30 00:00:00.000;2013-05-29 00:00:00.000;Gloves;Clothing
4;863;Full-Finger Gloves, L;GL-F110-L;Black;15,6709;37,99;2012-05-30 00:00:00.000;2013-05-29 00:00:00.000;Gloves;Clothing
5;863;Full-Finger Gloves, L;GL-F110-L;Black;15,6709;37,99;2012-05-30 00:00:00.000;2013-05-29 00:00:00.000;Gloves;Clothing
1;864;Classic Vest, S;VE-C304-S;Blue;23,749;63,50;2013-05-30 00:00:00.000;NULL;Vests;Clothing
2;864;Classic Vest, S;VE-C304-S;Blue;23,749;63,50;2013-05-30 00:00:00.000;NULL;Vests;Clothing
3;864;Classic Vest, S;VE-C304-S;Blue;23,749;63,50;2013-05-30 00:00:00.000;NULL;Vests;Clothing
4;864;Classic Vest, S;VE-C304-S;Blue;23,749;63,50;2013-05-30 00:00:00.000;NULL;Vests;Clothing
1;865;Classic Vest, M;VE-C304-M;Blue;23,749;63,50;2013-05-30 00:00:00.000;NULL;Vests;Clothing
2;865;Classic Vest, M;VE-C304-M;Blue;23,749;63,50;2013-05-30 00:00:00.000;NULL;Vests;Clothing
3;865;Classic Vest, M;VE-C304-M;Blue;23,749;63,50;2013-05-30 00:00:00.000;NULL;Vests;Clothing
1;866;Classic Vest, L;VE-C304-L;Blue;23,749;63,50;2013-05-30 00:00:00.000;NULL;Vests;Clothing
1;867;Women's Mountain Shorts, S;SH-W890-S;Black;26,1763;69,99;2013-05-30 00:00:00.000;NULL;Shorts;Clothing
2;867;Women's Mountain Shorts, S;SH-W890-S;Black;26,1763;69,99;2013-05-30 00:00:00.000;NULL;Shorts;Clothing
3;867;Women's Mountain Shorts, S;SH-W890-S;Black;26,1763;69,99;2013-05-30 00:00:00.000;NULL;Shorts;Clothing
4;867;Women's Mountain Shorts, S;SH-W890-S;Black;26,1763;69,99;2013-05-30 00:00:00.000;NULL;Shorts;Clothing
1;868;Women's Mountain Shorts, M;SH-W890-M;Black;26,1763;69,99;2013-05-30 00:00:00.000;NULL;Shorts;Clothing
1;869;Women's Mountain Shorts, L;SH-W890-L;Black;26,1763;69,99;2013-05-30 00:00:00.000;NULL;Shorts;Clothing
2;869;Women's Mountain Shorts, L;SH-W890-L;Black;26,1763;69,99;2013-05-30 00:00:00.000;NULL;Shorts;Clothing
3;869;Women's Mountain Shorts, L;SH-W890-L;Black;26,1763;69,99;2013-05-30 00:00:00.000;NULL;Shorts;Clothing
4;869;Women's Mountain Shorts, L;SH-W890-L;Black;26,1763;69,99;2013-05-30 00:00:00.000;NULL;Shorts;Clothing
5;869;Women's Mountain Shorts, L;SH-W890-L;Black;26,1763;69,99;2013-05-30 00:00:00.000;NULL;Shorts;Clothing
1;870;Water Bottle - 30 oz.;WB-H098;NULL;1,8663;4,99;2013-05-30 00:00:00.000;NULL;Bottles and Cages;Accessories
2;870;Water Bottle - 30 oz.;WB-H098;NULL;1,8663;4,99;2013-05-30 00:00:00.000;NULL;Bottles and Cages;Accessories
3;870;Water Bottle - 30 oz.;WB-H098;NULL;1,8663;4,99;2013-05-30 00:00:00.000;NULL;Bottles and Cages;Accessories
4;870;Water Bottle - 30 oz.;WB-H098;NULL;1,8663;4,99;2013-05-30 00:00:00.000;NULL;Bottles and Cages;Accessories
1;871;Mountain Bottle Cage;BC-M005;NULL;3,7363;9,99;2013-05-30 00:00:00.000;NULL;Bottles and Cages;Accessories
1;872;Road Bottle Cage;BC-R205;NULL;3,3623;8,99;2013-05-30 00:00:00.000;NULL;Bottles and Cages;Accessories
1;873;Patch Kit/8 Patches;PK-7098;NULL;0,8565;2,29;2013-05-30 00:00:00.000;NULL;Tires and Tubes;Accessories
2;873;Patch Kit/8 Patches;PK-7098;NULL;0,8565;2,29;2013-05-30 00:00:00.000;NULL;Tires and Tubes;Accessories
1;874;Racing Socks, M;SO-R809-M;White;3,3623;8,99;2013-05-30 00:00:00.000;NULL;Socks;Clothing
2;874;Racing Socks, M;SO-R809-M;White;3,3623;8,99;2013-05-30 00:00:00.000;NULL;Socks;Clothing
1;875;Racing Socks, L;SO-R809-L;White;3,3623;8,99;2013-05-30 00:00:00.000;NULL;Socks;Clothing
2;875;Racing Socks, L;SO-R809-L;White;3,3623;8,99;2013-05-30 00:00:00.000;NULL;Socks;Clothing
3;875;Racing Socks, L;SO-R809-L;White;3,3623;8,99;2013-05-30 00:00:00.000;NULL;Socks;Clothing
4;875;Racing Socks, L;SO-R809-L;White;3,3623;8,99;2013-05-30 00:00:00.000;NULL;Socks;Clothing
1;876;Hitch Rack - 4-Bike;RA-H123;NULL;44,88;120,00;2013-05-30 00:00:00.000;NULL;Bike Racks;Accessories
2;876;Hitch Rack - 4-Bike;RA-H123;NULL;44,88;120,00;2013-05-30 00:00:00.000;NULL;Bike Racks;Accessories
3;876;Hitch Rack - 4-Bike;RA-H123;NULL;44,88;120,00;2013-05-30 00:00:00.000;NULL;Bike Racks;Accessories
4;876;Hitch Rack - 4-Bike;RA-H123;NULL;44,88;120,00;2013-05-30 00:00:00.000;NULL;Bike Racks;Accessories
1;877;Bike Wash - Dissolver;CL-9009;NULL;2,9733;7,95;2013-05-30 00:00:00.000;NULL;Cleaners;Accessories
2;877;Bike Wash - Dissolver;CL-9009;NULL;2,9733;7,95;2013-05-30 00:00:00.000;NULL;Cleaners;Accessories
3;877;Bike Wash - Dissolver;CL-9009;NULL;2,9733;7,95;2013-05-30 00:00:00.000;NULL;Cleaners;Accessories
4;877;Bike Wash - Dissolver;CL-9009;NULL;2,9733;7,95;2013-05-30 00:00:00.000;NULL;Cleaners;Accessories
1;878;Fender Set - Mountain;FE-6654;NULL;8,2205;21,98;2013-05-30 00:00:00.000;NULL;Fenders;Accessories
1;879;All-Purpose Bike Stand;ST-1401;NULL;59,466;159,00;2013-05-30 00:00:00.000;NULL;Bike Stands;Accessories
1;880;Hydration Pack - 70 oz.;HY-1023-70;Silver;20,5663;54,99;2013-05-30 00:00:00.000;NULL;Hydration Packs;Accessories
2;880;Hydration Pack - 70 oz.;HY-1023-70;Silver;20,5663;54,99;2013-05-30 00:00:00.000;NULL;Hydration Packs;Accessories
3;880;Hydration Pack - 70 oz.;HY-1023-70;Silver;20,5663;54,99;2013-05-30 00:00:00.000;NULL;Hydration Packs;Accessories
1;881;Short-Sleeve Classic Jersey, S;SJ-0194-S;Yellow;41,5723;53,99;2013-05-30 00:00:00.000;NULL;Jerseys;Clothing
2;881;Short-Sleeve Classic Jersey, S;SJ-0194-S;Yellow;41,5723;53,99;2013-05-30 00:00:00.000;NULL;Jerseys;Clothing
3;881;Short-Sleeve Classic Jersey, S;SJ-0194-S;Yellow;41,5723;53,99;2013-05-30 00:00:00.000;NULL;Jerseys;Clothing
1;882;Short-Sleeve Classic Jersey, M;SJ-0194-M;Yellow;41,5723;53,99;2013-05-30 00:00:00.000;NULL;Jerseys;Clothing
1;883;Short-Sleeve Classic Jersey, L;SJ-0194-L;Yellow;41,5723;53,99;2013-05-30 00:00:00.000;NULL;Jerseys;Clothing
2;883;Short-Sleeve Classic Jersey, L;SJ-0194-L;Yellow;41,5723;53,99;2013-05-30 00:00:00.000;NULL;Jerseys;Clothing
3;883;Short-Sleeve Classic Jersey, L;SJ-0194-L;Yellow;41,5723;53,99;2013-05-30 00:00:00.000;NULL;Jerseys;Clothing
1;884;Short-Sleeve Classic Jersey, XL;SJ-0194-X;Yellow;41,5723;53,99;2013-05-30 00:00:00.000;NULL;Jerseys;Clothing
2;884;Short-Sleeve Classic Jersey, XL;SJ-0194-X;Yellow;41,5723;53,99;2013-05-30 00:00:00.000;NULL;Jerseys;Clothing
3;884;Short-Sleeve Classic Jersey, XL;SJ-0194-X;Yellow;41,5723;53,99;2013-05-30 00:00:00.000;NULL;Jerseys;Clothing
4;884;Short-Sleeve Classic Jersey, XL;SJ-0194-X;Yellow;41,5723;53,99;2013-05-30 00:00:00.000;NULL;Jerseys;Clothing
1;885;HL Touring Frame - Yellow, 60;FR-T98Y-60;Yellow;601,7437;1003,91;2013-05-30 00:00:00.000;NULL;Touring Frames;Components
2;885;HL Touring Frame - Yellow, 60;FR-T98Y-60;Yellow;601,7437;1003,91;2013-05-30 00:00:00.000;NULL;Touring Frames;Components
1;886;LL Touring Frame - Yellow, 62;FR-T67Y-62;Yellow;199,8519;333,42;2013-05-30 00:00:00.000;NULL;Touring Frames;Components
3;886;LL Touring Frame - Yellow, 62;FR-T67Y-62;Yellow;199,8519;333,42;2013-05-30 00:00:00.000;NULL;Touring Frames;Components
1;887;HL Touring Frame - Yellow, 46;FR-T98Y-46;Yellow;601,7437;1003,91;2013-05-30 00:00:00.000;NULL;Touring Frames;Components
1;888;HL Touring Frame - Yellow, 50;FR-T98Y-50;Yellow;601,7437;1003,91;2013-05-30 00:00:00.000;NULL;Touring Frames;Components
1;889;HL Touring Frame - Yellow, 54;FR-T98Y-54;Yellow;601,7437;1003,91;2013-05-30 00:00:00.000;NULL;Touring Frames;Components
2;889;HL Touring Frame - Yellow, 54;FR-T98Y-54;Yellow;601,7437;1003,91;2013-05-30 00:00:00.000;NULL;Touring Frames;Components
1;890;HL Touring Frame - Blue, 46;FR-T98U-46;Blue;601,7437;1003,91;2013-05-30 00:00:00.000;NULL;Touring Frames;Components
1;891;HL Touring Frame - Blue, 50;FR-T98U-50;Blue;601,7437;1003,91;2013-05-30 00:00:00.000;NULL;Touring Frames;Components
1;892;HL Touring Frame - Blue, 54;FR-T98U-54;Blue;601,7437;1003,91;2013-05-30 00:00:00.000;NULL;Touring Frames;Components
2;892;HL Touring Frame - Blue, 54;FR-T98U-54;Blue;601,7437;1003,91;2013-05-30 00:00:00.000;NULL;Touring Frames;Components
3;892;HL Touring Frame - Blue, 54;FR-T98U-54;Blue;601,7437;1003,91;2013-05-30 00:00:00.000;NULL;Touring Frames;Components
1;893;HL Touring Frame - Blue, 60;FR-T98U-60;Blue;601,7437;1003,91;2013-05-30 00:00:00.000;NULL;Touring Frames;Components
2;893;HL Touring Frame - Blue, 60;FR-T98U-60;Blue;601,7437;1003,91;2013-05-30 00:00:00.000;NULL;Touring Frames;Components
3;893;HL Touring Frame - Blue, 60;FR-T98U-60;Blue;601,7437;1003,91;2013-05-30 00:00:00.000;NULL;Touring Frames;Components
1;894;Rear Derailleur;RD-2308;Silver;53,9282;121,46;2013-05-30 00:00:00.000;NULL;Derailleurs;Components
1;895;LL Touring Frame - Blue, 50;FR-T67U-50;Blue;199,8519;333,42;2013-05-30 00:00:00.000;NULL;Touring Frames;Components
1;896;LL Touring Frame - Blue, 54;FR-T67U-54;Blue;199,8519;333,42;2013-05-30 00:00:00.000;NULL;Touring Frames;Components
1;897;LL Touring Frame - Blue, 58;FR-T67U-58;Blue;199,8519;333,42;2013-05-30 00:00:00.000;NULL;Touring Frames;Components
1;898;LL Touring Frame - Blue, 62;FR-T67U-62;Blue;199,8519;333,42;2013-05-30 00:00:00.000;NULL;Touring Frames;Components
1;899;LL Touring Frame - Yellow, 44;FR-T67Y-44;Yellow;199,8519;333,42;2013-05-30 00:00:00.000;NULL;Touring Frames;Components
2;899;LL Touring Frame - Yellow, 44;FR-T67Y-44;Yellow;199,8519;333,42;2013-05-30 00:00:00.000;NULL;Touring Frames;Components
1;900;LL Touring Frame - Yellow, 50;FR-T67Y-50;Yellow;199,8519;333,42;2013-05-30 00:00:00.000;NULL;Touring Frames;Components
1;901;LL Touring Frame - Yellow, 54;FR-T67Y-54;Yellow;199,8519;333,42;2013-05-30 00:00:00.000;NULL;Touring Frames;Components
1;902;LL Touring Frame - Yellow, 58;FR-T67Y-58;Yellow;199,8519;333,42;2013-05-30 00:00:00.000;NULL;Touring Frames;Components
1;903;LL Touring Frame - Blue, 44;FR-T67U-44;Blue;199,8519;333,42;2013-05-30 00:00:00.000;NULL;Touring Frames;Components
1;904;ML Mountain Frame-W - Silver, 40;FR-M63S-40;Silver;199,3757;364,09;2013-05-30 00:00:00.000;NULL;Mountain Frames;Components
2;904;ML Mountain Frame-W - Silver, 40;FR-M63S-40;Silver;199,3757;364,09;2013-05-30 00:00:00.000;NULL;Mountain Frames;Components
1;905;ML Mountain Frame-W - Silver, 42;FR-M63S-42;Silver;199,3757;364,09;2013-05-30 00:00:00.000;NULL;Mountain Frames;Components
1;906;ML Mountain Frame-W - Silver, 46;FR-M63S-46;Silver;199,3757;364,09;2013-05-30 00:00:00.000;NULL;Mountain Frames;Components
1;907;Rear Brakes;RB-9231;Silver;47,286;106,50;2013-05-30 00:00:00.000;NULL;Brakes;Components
1;908;LL Mountain Seat/Saddle;SE-M236;NULL;12,0413;27,12;2013-05-30 00:00:00.000;NULL;Saddles;Components
2;908;LL Mountain Seat/Saddle;SE-M236;NULL;12,0413;27,12;2013-05-30 00:00:00.000;NULL;Saddles;Components
1;909;ML Mountain Seat/Saddle;SE-M798;NULL;17,3782;39,14;2013-05-30 00:00:00.000;NULL;Saddles;Components
2;909;ML Mountain Seat/Saddle;SE-M798;NULL;17,3782;39,14;2013-05-30 00:00:00.000;NULL;Saddles;Components
1;910;HL Mountain Seat/Saddle;SE-M940;NULL;23,3722;52,64;2013-05-30 00:00:00.000;NULL;Saddles;Components
1;911;LL Road Seat/Saddle;SE-R581;NULL;12,0413;27,12;2013-05-30 00:00:00.000;NULL;Saddles;Components
1;912;ML Road Seat/Saddle;SE-R908;NULL;17,3782;39,14;2013-05-30 00:00:00.000;NULL;Saddles;Components
1;913;HL Road Seat/Saddle;SE-R995;NULL;23,3722;52,64;2013-05-30 00:00:00.000;NULL;Saddles;Components
1;914;LL Touring Seat/Saddle;SE-T312;NULL;12,0413;27,12;2013-05-30 00:00:00.000;NULL;Saddles;Components
1;915;ML Touring Seat/Saddle;SE-T762;NULL;17,3782;39,14;2013-05-30 00:00:00.000;NULL;Saddles;Components
1;916;HL Touring Seat/Saddle;SE-T924;NULL;23,3722;52,64;2013-05-30 00:00:00.000;NULL;Saddles;Components
1;917;LL Mountain Frame - Silver, 42;FR-M21S-42;Silver;144,5938;264,05;2013-05-30 00:00:00.000;NULL;Mountain Frames;Components
2;917;LL Mountain Frame - Silver, 42;FR-M21S-42;Silver;144,5938;264,05;2013-05-30 00:00:00.000;NULL;Mountain Frames;Components
1;918;LL Mountain Frame - Silver, 44;FR-M21S-44;Silver;144,5938;264,05;2013-05-30 00:00:00.000;NULL;Mountain Frames;Components
1;919;LL Mountain Frame - Silver, 48;FR-M21S-48;Silver;144,5938;264,05;2013-05-30 00:00:00.000;NULL;Mountain Frames;Components
1;920;LL Mountain Frame - Silver, 52;FR-M21S-52;Silver;144,5938;264,05;2013-05-30 00:00:00.000;NULL;Mountain Frames;Components
1;921;Mountain Tire Tube;TT-M928;NULL;1,8663;4,99;2013-05-30 00:00:00.000;NULL;Tires and Tubes;Accessories
1;922;Road Tire Tube;TT-R982;NULL;1,4923;3,99;2013-05-30 00:00:00.000;NULL;Tires and Tubes;Accessories
1;923;Touring Tire Tube;TT-T092;NULL;1,8663;4,99;2013-05-30 00:00:00.000;NULL;Tires and Tubes;Accessories
1;924;LL Mountain Frame - Black, 42;FR-M21B-42;Black;136,785;249,79;2013-05-30 00:00:00.000;NULL;Mountain Frames;Components
1;925;LL Mountain Frame - Black, 44;FR-M21B-44;Black;136,785;249,79;2013-05-30 00:00:00.000;NULL;Mountain Frames;Components
2;925;LL Mountain Frame - Black, 44;FR-M21B-44;Black;136,785;249,79;2013-05-30 00:00:00.000;NULL;Mountain Frames;Components
1;926;LL Mountain Frame - Black, 48;FR-M21B-48;Black;136,785;249,79;2013-05-30 00:00:00.000;NULL;Mountain Frames;Components
1;927;LL Mountain Frame - Black, 52;FR-M21B-52;Black;136,785;249,79;2013-05-30 00:00:00.000;NULL;Mountain Frames;Components
1;928;LL Mountain Tire;TI-M267;NULL;9,3463;24,99;2013-05-30 00:00:00.000;NULL;Tires and Tubes;Accessories
10;928;LL Mountain Tire;TI-M267;NULL;9,3463;24,99;2013-05-30 00:00:00.000;NULL;Tires and Tubes;Accessories
1;929;ML Mountain Tire;TI-M602;NULL;11,2163;29,99;2013-05-30 00:00:00.000;NULL;Tires and Tubes;Accessories
10;929;ML Mountain Tire;TI-M602;NULL;11,2163;29,99;2013-05-30 00:00:00.000;NULL;Tires and Tubes;Accessories
1;930;HL Mountain Tire;TI-M823;NULL;13,09;35,00;2013-05-30 00:00:00.000;NULL;Tires and Tubes;Accessories
10;930;HL Mountain Tire;TI-M823;NULL;13,09;35,00;2013-05-30 00:00:00.000;NULL;Tires and Tubes;Accessories
1;931;LL Road Tire;TI-R092;NULL;8,0373;21,49;2013-05-30 00:00:00.000;NULL;Tires and Tubes;Accessories
1;932;ML Road Tire;TI-R628;NULL;9,3463;24,99;2013-05-30 00:00:00.000;NULL;Tires and Tubes;Accessories
1;933;HL Road Tire;TI-R982;NULL;12,1924;32,60;2013-05-30 00:00:00.000;NULL;Tires and Tubes;Accessories
1;934;Touring Tire;TI-T723;NULL;10,8423;28,99;2013-05-30 00:00:00.000;NULL;Tires and Tubes;Accessories
1;935;LL Mountain Pedal;PD-M282;Silver/Black;17,9776;40,49;2013-05-30 00:00:00.000;NULL;Pedals;Components
15;935;LL Mountain Pedal;PD-M282;Silver/Black;17,9776;40,49;2013-05-30 00:00:00.000;NULL;Pedals;Components
1;936;ML Mountain Pedal;PD-M340;Silver/Black;27,568;62,09;2013-05-30 00:00:00.000;NULL;Pedals;Components
15;936;ML Mountain Pedal;PD-M340;Silver/Black;27,568;62,09;2013-05-30 00:00:00.000;NULL;Pedals;Components
1;937;HL Mountain Pedal;PD-M562;Silver/Black;35,9596;80,99;2013-05-30 00:00:00.000;NULL;Pedals;Components
2;937;HL Mountain Pedal;PD-M562;Silver/Black;35,9596;80,99;2013-05-30 00:00:00.000;NULL;Pedals;Components
15;937;HL Mountain Pedal;PD-M562;Silver/Black;35,9596;80,99;2013-05-30 00:00:00.000;NULL;Pedals;Components
1;938;LL Road Pedal;PD-R347;Silver/Black;17,9776;40,49;2013-05-30 00:00:00.000;NULL;Pedals;Components
15;938;LL Road Pedal;PD-R347;Silver/Black;17,9776;40,49;2013-05-30 00:00:00.000;NULL;Pedals;Components
1;939;ML Road Pedal;PD-R563;Silver/Black;27,568;62,09;2013-05-30 00:00:00.000;NULL;Pedals;Components
15;939;ML Road Pedal;PD-R563;Silver/Black;27,568;62,09;2013-05-30 00:00:00.000;NULL;Pedals;Components
1;940;HL Road Pedal;PD-R853;Silver/Black;35,9596;80,99;2013-05-30 00:00:00.000;NULL;Pedals;Components
15;940;HL Road Pedal;PD-R853;Silver/Black;35,9596;80,99;2013-05-30 00:00:00.000;NULL;Pedals;Components
1;941;Touring Pedal;PD-T852;Silver/Black;35,9596;80,99;2013-05-30 00:00:00.000;NULL;Pedals;Components
15;941;Touring Pedal;PD-T852;Silver/Black;35,9596;80,99;2013-05-30 00:00:00.000;NULL;Pedals;Components
1;942;ML Mountain Frame-W - Silver, 38;FR-M63S-38;Silver;199,3757;364,09;2013-05-30 00:00:00.000;NULL;Mountain Frames;Components
1;943;LL Mountain Frame - Black, 40;FR-M21B-40;Black;136,785;249,79;2013-05-30 00:00:00.000;NULL;Mountain Frames;Components
1;944;LL Mountain Frame - Silver, 40;FR-M21S-40;Silver;144,5938;264,05;2013-05-30 00:00:00.000;NULL;Mountain Frames;Components
2;944;LL Mountain Frame - Silver, 40;FR-M21S-40;Silver;144,5938;264,05;2013-05-30 00:00:00.000;NULL;Mountain Frames;Components
1;945;Front Derailleur;FD-2342;Silver;40,6216;91,49;2013-05-30 00:00:00.000;NULL;Derailleurs;Components
2;945;Front Derailleur;FD-2342;Silver;40,6216;91,49;2013-05-30 00:00:00.000;NULL;Derailleurs;Components
1;946;LL Touring Handlebars;HB-T721;NULL;20,464;46,09;2013-05-30 00:00:00.000;NULL;Handlebars;Components
1;947;HL Touring Handlebars;HB-T928;NULL;40,6571;91,57;2013-05-30 00:00:00.000;NULL;Handlebars;Components
1;948;Front Brakes;FB-9873;Silver;47,286;106,50;2013-05-30 00:00:00.000;NULL;Brakes;Components
2;948;Front Brakes;FB-9873;Silver;47,286;106,50;2013-05-30 00:00:00.000;NULL;Brakes;Components
1;949;LL Crankset;CS-4759;Black;77,9176;175,49;2013-05-30 00:00:00.000;NULL;Cranksets;Components
1;950;ML Crankset;CS-6583;Black;113,8816;256,49;2013-05-30 00:00:00.000;NULL;Cranksets;Components
1;951;HL Crankset;CS-9183;Black;179,8156;404,99;2013-05-30 00:00:00.000;NULL;Cranksets;Components
2;951;HL Crankset;CS-9183;Black;179,8156;404,99;2013-05-30 00:00:00.000;NULL;Cranksets;Components
1;952;Chain;CH-0234;Silver;8,9866;20,24;2013-05-30 00:00:00.000;NULL;Chains;Components
2;952;Chain;CH-0234;Silver;8,9866;20,24;2013-05-30 00:00:00.000;NULL;Chains;Components
1;953;Touring-2000 Blue, 60;BK-T44U-60;Blue;755,1508;1214,85;2013-05-30 00:00:00.000;NULL;Touring Bikes;Bikes
2;953;Touring-2000 Blue, 60;BK-T44U-60;Blue;755,1508;1214,85;2013-05-30 00:00:00.000;NULL;Touring Bikes;Bikes
1;954;Touring-1000 Yellow, 46;BK-T79Y-46;Yellow;1481,9379;2384,07;2013-05-30 00:00:00.000;NULL;Touring Bikes;Bikes
2;954;Touring-1000 Yellow, 46;BK-T79Y-46;Yellow;1481,9379;2384,07;2013-05-30 00:00:00.000;NULL;Touring Bikes;Bikes
4;954;Touring-1000 Yellow, 46;BK-T79Y-46;Yellow;1481,9379;2384,07;2013-05-30 00:00:00.000;NULL;Touring Bikes;Bikes
14;954;Touring-1000 Yellow, 46;BK-T79Y-46;Yellow;1481,9379;2384,07;2013-05-30 00:00:00.000;NULL;Touring Bikes;Bikes
1;955;Touring-1000 Yellow, 50;BK-T79Y-50;Yellow;1481,9379;2384,07;2013-05-30 00:00:00.000;NULL;Touring Bikes;Bikes
14;955;Touring-1000 Yellow, 50;BK-T79Y-50;Yellow;1481,9379;2384,07;2013-05-30 00:00:00.000;NULL;Touring Bikes;Bikes
1;956;Touring-1000 Yellow, 54;BK-T79Y-54;Yellow;1481,9379;2384,07;2013-05-30 00:00:00.000;NULL;Touring Bikes;Bikes
14;956;Touring-1000 Yellow, 54;BK-T79Y-54;Yellow;1481,9379;2384,07;2013-05-30 00:00:00.000;NULL;Touring Bikes;Bikes
1;957;Touring-1000 Yellow, 60;BK-T79Y-60;Yellow;1481,9379;2384,07;2013-05-30 00:00:00.000;NULL;Touring Bikes;Bikes
2;957;Touring-1000 Yellow, 60;BK-T79Y-60;Yellow;1481,9379;2384,07;2013-05-30 00:00:00.000;NULL;Touring Bikes;Bikes
3;957;Touring-1000 Yellow, 60;BK-T79Y-60;Yellow;1481,9379;2384,07;2013-05-30 00:00:00.000;NULL;Touring Bikes;Bikes
14;957;Touring-1000 Yellow, 60;BK-T79Y-60;Yellow;1481,9379;2384,07;2013-05-30 00:00:00.000;NULL;Touring Bikes;Bikes
1;958;Touring-3000 Blue, 54;BK-T18U-54;Blue;461,4448;742,35;2013-05-30 00:00:00.000;NULL;Touring Bikes;Bikes
13;958;Touring-3000 Blue, 54;BK-T18U-54;Blue;461,4448;742,35;2013-05-30 00:00:00.000;NULL;Touring Bikes;Bikes
1;959;Touring-3000 Blue, 58;BK-T18U-58;Blue;461,4448;742,35;2013-05-30 00:00:00.000;NULL;Touring Bikes;Bikes
13;959;Touring-3000 Blue, 58;BK-T18U-58;Blue;461,4448;742,35;2013-05-30 00:00:00.000;NULL;Touring Bikes;Bikes
1;960;Touring-3000 Blue, 62;BK-T18U-62;Blue;461,4448;742,35;2013-05-30 00:00:00.000;NULL;Touring Bikes;Bikes
13;960;Touring-3000 Blue, 62;BK-T18U-62;Blue;461,4448;742,35;2013-05-30 00:00:00.000;NULL;Touring Bikes;Bikes
1;961;Touring-3000 Yellow, 44;BK-T18Y-44;Yellow;461,4448;742,35;2013-05-30 00:00:00.000;NULL;Touring Bikes;Bikes
2;961;Touring-3000 Yellow, 44;BK-T18Y-44;Yellow;461,4448;742,35;2013-05-30 00:00:00.000;NULL;Touring Bikes;Bikes
13;961;Touring-3000 Yellow, 44;BK-T18Y-44;Yellow;461,4448;742,35;2013-05-30 00:00:00.000;NULL;Touring Bikes;Bikes
1;962;Touring-3000 Yellow, 50;BK-T18Y-50;Yellow;461,4448;742,35;2013-05-30 00:00:00.000;NULL;Touring Bikes;Bikes
13;962;Touring-3000 Yellow, 50;BK-T18Y-50;Yellow;461,4448;742,35;2013-05-30 00:00:00.000;NULL;Touring Bikes;Bikes
1;963;Touring-3000 Yellow, 54;BK-T18Y-54;Yellow;461,4448;742,35;2013-05-30 00:00:00.000;NULL;Touring Bikes;Bikes
13;963;Touring-3000 Yellow, 54;BK-T18Y-54;Yellow;461,4448;742,35;2013-05-30 00:00:00.000;NULL;Touring Bikes;Bikes
1;964;Touring-3000 Yellow, 58;BK-T18Y-58;Yellow;461,4448;742,35;2013-05-30 00:00:00.000;NULL;Touring Bikes;Bikes
13;964;Touring-3000 Yellow, 58;BK-T18Y-58;Yellow;461,4448;742,35;2013-05-30 00:00:00.000;NULL;Touring Bikes;Bikes
1;965;Touring-3000 Yellow, 62;BK-T18Y-62;Yellow;461,4448;742,35;2013-05-30 00:00:00.000;NULL;Touring Bikes;Bikes
2;965;Touring-3000 Yellow, 62;BK-T18Y-62;Yellow;461,4448;742,35;2013-05-30 00:00:00.000;NULL;Touring Bikes;Bikes
13;965;Touring-3000 Yellow, 62;BK-T18Y-62;Yellow;461,4448;742,35;2013-05-30 00:00:00.000;NULL;Touring Bikes;Bikes
1;966;Touring-1000 Blue, 46;BK-T79U-46;Blue;1481,9379;2384,07;2013-05-30 00:00:00.000;NULL;Touring Bikes;Bikes
2;966;Touring-1000 Blue, 46;BK-T79U-46;Blue;1481,9379;2384,07;2013-05-30 00:00:00.000;NULL;Touring Bikes;Bikes
3;966;Touring-1000 Blue, 46;BK-T79U-46;Blue;1481,9379;2384,07;2013-05-30 00:00:00.000;NULL;Touring Bikes;Bikes
1;967;Touring-1000 Blue, 50;BK-T79U-50;Blue;1481,9379;2384,07;2013-05-30 00:00:00.000;NULL;Touring Bikes;Bikes
1;968;Touring-1000 Blue, 54;BK-T79U-54;Blue;1481,9379;2384,07;2013-05-30 00:00:00.000;NULL;Touring Bikes;Bikes
1;969;Touring-1000 Blue, 60;BK-T79U-60;Blue;1481,9379;2384,07;2013-05-30 00:00:00.000;NULL;Touring Bikes;Bikes
2;969;Touring-1000 Blue, 60;BK-T79U-60;Blue;1481,9379;2384,07;2013-05-30 00:00:00.000;NULL;Touring Bikes;Bikes
3;969;Touring-1000 Blue, 60;BK-T79U-60;Blue;1481,9379;2384,07;2013-05-30 00:00:00.000;NULL;Touring Bikes;Bikes
1;970;Touring-2000 Blue, 46;BK-T44U-46;Blue;755,1508;1214,85;2013-05-30 00:00:00.000;NULL;Touring Bikes;Bikes
2;970;Touring-2000 Blue, 46;BK-T44U-46;Blue;755,1508;1214,85;2013-05-30 00:00:00.000;NULL;Touring Bikes;Bikes
1;971;Touring-2000 Blue, 50;BK-T44U-50;Blue;755,1508;1214,85;2013-05-30 00:00:00.000;NULL;Touring Bikes;Bikes
1;972;Touring-2000 Blue, 54;BK-T44U-54;Blue;755,1508;1214,85;2013-05-30 00:00:00.000;NULL;Touring Bikes;Bikes
2;972;Touring-2000 Blue, 54;BK-T44U-54;Blue;755,1508;1214,85;2013-05-30 00:00:00.000;NULL;Touring Bikes;Bikes
3;972;Touring-2000 Blue, 54;BK-T44U-54;Blue;755,1508;1214,85;2013-05-30 00:00:00.000;NULL;Touring Bikes;Bikes
1;973;Road-350-W Yellow, 40;BK-R79Y-40;Yellow;1082,51;1700,99;2013-05-30 00:00:00.000;NULL;Road Bikes;Bikes
2;973;Road-350-W Yellow, 40;BK-R79Y-40;Yellow;1082,51;1700,99;2013-05-30 00:00:00.000;NULL;Road Bikes;Bikes
3;973;Road-350-W Yellow, 40;BK-R79Y-40;Yellow;1082,51;1700,99;2013-05-30 00:00:00.000;NULL;Road Bikes;Bikes
1;974;Road-350-W Yellow, 42;BK-R79Y-42;Yellow;1082,51;1700,99;2013-05-30 00:00:00.000;NULL;Road Bikes;Bikes
2;974;Road-350-W Yellow, 42;BK-R79Y-42;Yellow;1082,51;1700,99;2013-05-30 00:00:00.000;NULL;Road Bikes;Bikes
3;974;Road-350-W Yellow, 42;BK-R79Y-42;Yellow;1082,51;1700,99;2013-05-30 00:00:00.000;NULL;Road Bikes;Bikes
1;975;Road-350-W Yellow, 44;BK-R79Y-44;Yellow;1082,51;1700,99;2013-05-30 00:00:00.000;NULL;Road Bikes;Bikes
1;976;Road-350-W Yellow, 48;BK-R79Y-48;Yellow;1082,51;1700,99;2013-05-30 00:00:00.000;NULL;Road Bikes;Bikes
2;976;Road-350-W Yellow, 48;BK-R79Y-48;Yellow;1082,51;1700,99;2013-05-30 00:00:00.000;NULL;Road Bikes;Bikes
3;976;Road-350-W Yellow, 48;BK-R79Y-48;Yellow;1082,51;1700,99;2013-05-30 00:00:00.000;NULL;Road Bikes;Bikes
4;976;Road-350-W Yellow, 48;BK-R79Y-48;Yellow;1082,51;1700,99;2013-05-30 00:00:00.000;NULL;Road Bikes;Bikes
1;977;Road-750 Black, 58;BK-R19B-58;Black;343,6496;539,99;2013-05-30 00:00:00.000;NULL;Road Bikes;Bikes
1;978;Touring-3000 Blue, 44;BK-T18U-44;Blue;461,4448;742,35;2013-05-30 00:00:00.000;NULL;Touring Bikes;Bikes
13;978;Touring-3000 Blue, 44;BK-T18U-44;Blue;461,4448;742,35;2013-05-30 00:00:00.000;NULL;Touring Bikes;Bikes
1;979;Touring-3000 Blue, 50;BK-T18U-50;Blue;461,4448;742,35;2013-05-30 00:00:00.000;NULL;Touring Bikes;Bikes
2;979;Touring-3000 Blue, 50;BK-T18U-50;Blue;461,4448;742,35;2013-05-30 00:00:00.000;NULL;Touring Bikes;Bikes
3;979;Touring-3000 Blue, 50;BK-T18U-50;Blue;461,4448;742,35;2013-05-30 00:00:00.000;NULL;Touring Bikes;Bikes
13;979;Touring-3000 Blue, 50;BK-T18U-50;Blue;461,4448;742,35;2013-05-30 00:00:00.000;NULL;Touring Bikes;Bikes
1;980;Mountain-400-W Silver, 38;BK-M38S-38;Silver;419,7784;769,49;2013-05-30 00:00:00.000;NULL;Mountain Bikes;Bikes
1;981;Mountain-400-W Silver, 40;BK-M38S-40;Silver;419,7784;769,49;2013-05-30 00:00:00.000;NULL;Mountain Bikes;Bikes
2;981;Mountain-400-W Silver, 40;BK-M38S-40;Silver;419,7784;769,49;2013-05-30 00:00:00.000;NULL;Mountain Bikes;Bikes
1;982;Mountain-400-W Silver, 42;BK-M38S-42;Silver;419,7784;769,49;2013-05-30 00:00:00.000;NULL;Mountain Bikes;Bikes
1;983;Mountain-400-W Silver, 46;BK-M38S-46;Silver;419,7784;769,49;2013-05-30 00:00:00.000;NULL;Mountain Bikes;Bikes
2;983;Mountain-400-W Silver, 46;BK-M38S-46;Silver;419,7784;769,49;2013-05-30 00:00:00.000;NULL;Mountain Bikes;Bikes
1;984;Mountain-500 Silver, 40;BK-M18S-40;Silver;308,2179;564,99;2013-05-30 00:00:00.000;NULL;Mountain Bikes;Bikes
16;984;Mountain-500 Silver, 40;BK-M18S-40;Silver;308,2179;564,99;2013-05-30 00:00:00.000;NULL;Mountain Bikes;Bikes
1;985;Mountain-500 Silver, 42;BK-M18S-42;Silver;308,2179;564,99;2013-05-30 00:00:00.000;NULL;Mountain Bikes;Bikes
16;985;Mountain-500 Silver, 42;BK-M18S-42;Silver;308,2179;564,99;2013-05-30 00:00:00.000;NULL;Mountain Bikes;Bikes
1;986;Mountain-500 Silver, 44;BK-M18S-44;Silver;308,2179;564,99;2013-05-30 00:00:00.000;NULL;Mountain Bikes;Bikes
16;986;Mountain-500 Silver, 44;BK-M18S-44;Silver;308,2179;564,99;2013-05-30 00:00:00.000;NULL;Mountain Bikes;Bikes
1;987;Mountain-500 Silver, 48;BK-M18S-48;Silver;308,2179;564,99;2013-05-30 00:00:00.000;NULL;Mountain Bikes;Bikes
16;987;Mountain-500 Silver, 48;BK-M18S-48;Silver;308,2179;564,99;2013-05-30 00:00:00.000;NULL;Mountain Bikes;Bikes
1;988;Mountain-500 Silver, 52;BK-M18S-52;Silver;308,2179;564,99;2013-05-30 00:00:00.000;NULL;Mountain Bikes;Bikes
16;988;Mountain-500 Silver, 52;BK-M18S-52;Silver;308,2179;564,99;2013-05-30 00:00:00.000;NULL;Mountain Bikes;Bikes
1;989;Mountain-500 Black, 40;BK-M18B-40;Black;294,5797;539,99;2013-05-30 00:00:00.000;NULL;Mountain Bikes;Bikes
1;990;Mountain-500 Black, 42;BK-M18B-42;Black;294,5797;539,99;2013-05-30 00:00:00.000;NULL;Mountain Bikes;Bikes
1;991;Mountain-500 Black, 44;BK-M18B-44;Black;294,5797;539,99;2013-05-30 00:00:00.000;NULL;Mountain Bikes;Bikes
1;992;Mountain-500 Black, 48;BK-M18B-48;Black;294,5797;539,99;2013-05-30 00:00:00.000;NULL;Mountain Bikes;Bikes
1;993;Mountain-500 Black, 52;BK-M18B-52;Black;294,5797;539,99;2013-05-30 00:00:00.000;NULL;Mountain Bikes;Bikes
1;994;LL Bottom Bracket;BB-7421;NULL;23,9716;53,99;2013-05-30 00:00:00.000;NULL;Bottom Brackets;Components
1;995;ML Bottom Bracket;BB-8107;NULL;44,9506;101,24;2013-05-30 00:00:00.000;NULL;Bottom Brackets;Components
1;996;HL Bottom Bracket;BB-9108;NULL;53,9416;121,49;2013-05-30 00:00:00.000;NULL;Bottom Brackets;Components
1;997;Road-750 Black, 44;BK-R19B-44;Black;343,6496;539,99;2013-05-30 00:00:00.000;NULL;Road Bikes;Bikes
1;998;Road-750 Black, 48;BK-R19B-48;Black;343,6496;539,99;2013-05-30 00:00:00.000;NULL;Road Bikes;Bikes
2;998;Road-750 Black, 48;BK-R19B-48;Black;343,6496;539,99;2013-05-30 00:00:00.000;NULL;Road Bikes;Bikes
3;998;Road-750 Black, 48;BK-R19B-48;Black;343,6496;539,99;2013-05-30 00:00:00.000;NULL;Road Bikes;Bikes
1;999;Road-750 Black, 52;BK-R19B-52;Black;343,6496;539,99;2013-05-30 00:00:00.000;NULL;Road Bikes;Bikes
2;999;Road-750 Black, 52;BK-R19B-52;Black;343,6496;539,99;2013-05-30 00:00:00.000;NULL;Road Bikes;Bikes
